<?xml version="1.0" encoding="UTF-8"?>
<!DOCTYPE mapper PUBLIC "-//mybatis.org//DTD Mapper 3.0//EN" "http://mybatis.org/dtd/mybatis-3-mapper.dtd">
<mapper namespace="Agency">

    <select id="getCategory">
        SELECT 
            *
        FROM tb_agcy_biz_area area
        <if test="delete_yn != null">
            WHERE delete_yn = #{delete_yn}
        </if>
    </select>

    <insert id="insertAgency">
        INSERT INTO 
        tb_agcy
        (
            writer_seq,
            biz_area,
            `name`,
            `desc`,
            add_info,
            start_date,
            end_date,
            reg_ip,
            upd_ip
        ) VALUES(
            #{seq},
            #{biz_area},
            #{name},
            #{desc},
            #{additionalInfo},
            #{start_date},
            #{end_date},
            #{IPv4},
            #{IPv4}
        );
    </insert>

    <insert id="insertAgencyColleague">
        INSERT INTO
        tb_agcy_colleague
        (
            ref_agcy_id,
            ref_agcy_colleague_seq,
            `name`,
            reg_ip,
            upd_ip
        )
        VALUES
        <foreach collection="person" item="goods" separator=",">
        (
            #{last_insert_id},
            #{goods.seq},
            #{goods.full_name},
            #{IPv4},
            #{IPv4}
        )
        </foreach>
    </insert>

    <select id="getAgcyListSrchTypeMine">
        SELECT 
            agcy.id,
            agcy.biz_area,
            agcy.writer_seq,
            agcy.`name`,
            agcy.`desc`,
            agcy.start_date,
            agcy.end_date
        FROM 
            tb_agcy_colleague AS agcy_colg 
        RIGHT JOIN 
            tb_agcy AS agcy
        ON 
            agcy.id = agcy_colg.ref_agcy_id
        <where>
            <if test="mem_seq != null">
                        AND agcy_colg.ref_agcy_colleague_seq = #{mem_seq}
                    </if>
            <if test="delete_yn != null">
                        AND agcy.delete_yn = #{delete_yn}
                    </if>
            <if test="status != null">
                <choose>
                    <when test="status = 'STATUS::OPEN'">
                        AND agcy.`status` = 'STATUS::OPEN'
                    </when>
                </choose>
            </if>
            AND agcy.end_date >= (SELECT DATE_ADD(CURRENT_DATE(), INTERVAL -3 MONTH))
        </where>
        ORDER BY agcy.reg_date DESC
    </select>

    <select id="getAgcyListSrchTypeAdmin">
        SELECT
            agcy.id,
            agcy.biz_area,
            agcy.writer_seq,
            agcy.`name`,
            agcy.`desc`
        FROM
            tb_agcy AS agcy
        <where>
            <if test="delete_yn != null">
                        AND agcy.delete_yn = #{delete_yn}
                    </if>
            <if test="status != null">
                <choose>
                    <when test="status = 'STATUS::OPEN'">
                        AND agcy.`status` = 'STATUS::OPEN'
                    </when>
                </choose>
            </if>
        </where>
        AND agcy.end_date >= (SELECT DATE_ADD(CURRENT_DATE(), INTERVAL -3 MONTH))
        ORDER BY agcy.reg_date DESC
    </select>

    <select id="getAgcyListSrchTypeBiz"></select>

    <select id="getColleague">
        SELECT 
            agcy_colg.id,
            agcy_colg.ref_agcy_colleague_seq,
            agcy_colg.ref_agcy_id,
            agcy_colg.`name`,
            mem.avatar_path
        FROM
            tb_agcy_colleague AS agcy_colg
        LEFT JOIN 
            tb_member AS mem
        ON 
            mem.seq = agcy_colg.ref_agcy_colleague_seq
        <where>
            <if test="delete_yn != null">
                AND agcy_colg.delete_yn = #{delete_yn}
            </if>
            <if test="agcy_id != null">
                AND agcy_colg.ref_agcy_id = #{agcy_id}
            </if>
        </where>
    </select>

    <select id="getDetail">
        SELECT 
            agcy.biz_area,
            agcy.writer_seq,
            mem.full_name,
            org_dept.`name` AS dept,
            org_rank.`name` AS `rank`,
            agcy.`name`,
            agcy.`desc`,
            agcy.add_info,
            agcy.start_date,
            agcy.end_date,
            agcy.reg_date,
            agcy.upd_date
        FROM
            tb_agcy AS agcy
        LEFT JOIN
            tb_member AS mem
        ON 
            agcy.writer_seq = mem.seq
        LEFT JOIN 
            tb_org_structure AS org_rank
        ON
            mem.rank_no = org_rank.id
        LEFT JOIN
            tb_org_structure AS org_dept
        ON
            mem.dept_no = org_dept.id
        <where>
            <choose>
                <when test="ref_agcy_id != null">
                    AND agcy.id = #{ref_agcy_id}
                </when>
                <when test="delete_yn != null">
                    AND agcy.delete_yn = #{delete_yn}
                </when>
            </choose>
        </where>
    </select>
</mapper>