<?xml version="1.0" encoding="UTF-8"?>
<!DOCTYPE mapper PUBLIC "-//mybatis.org//DTD Mapper 3.0//EN" "http://mybatis.org/dtd/mybatis-3-mapper.dtd">
<mapper namespace="Project">

    <insert id="insertProject">
        INSERT INTO 
        tb_agcy_proj
        (
            writer_seq,
            ref_agcy_id,
            ref_biz_area,
            `name`,
            `desc`,
            add_info,
            start_date,
            end_date,
            reg_ip,
            upd_ip
        ) VALUES(
            #{seq},
            #{ref_agcy_id},
            (SELECT biz_area FROM tb_agcy WHERE tb_agcy.id = #{ref_agcy_id}),
            #{name},
            #{desc},
            #{additionalInfo},
            #{start_date},
            #{end_date},
            #{IPv4},
            #{IPv4}
        );
    </insert>

    <insert id="insertProjectColleague">
        INSERT INTO
        tb_agcy_proj_colleague
        (
            ref_agcy_id,
            ref_agcy_colleague_seq,
            `name`,
            reg_ip,
            upd_ip
        )
        VALUES
        <foreach collection="person" item="goods" separator=",">
        (
            #{ref_agcy_id},
            #{goods.seq},
            #{goods.full_name},
            #{IPv4},
            #{IPv4}
        )
        </foreach>
    </insert>

    <select id="getProject">
        SELECT 
            proj.id,
            proj.ref_agcy_id,
            proj.ref_biz_area,
            proj.`name`,
            proj.`desc`,
            proj.add_info,
            proj.thumbnail_file_name,
            proj.thumbnail_file_path,
            proj.reg_date,
            proj.upd_date,
            proj.start_date,
            proj.end_date
        FROM
            tb_agcy_proj AS proj
        <where>
            <if test="ref_agcy_id != null">
                AND proj.ref_agcy_id = #{ref_agcy_id}
            </if>
            <if test="delete_yn != null">
                AND proj.delete_yn = #{delete_yn}
            </if>
            <if test="unretired != null">
                AND proj.end_date <![CDATA[>]]> #{unretired}
            </if>
            <if test="retired != null">
                AND proj.end_date <![CDATA[<]]> #{retired}
            </if>
        </where>
        <if test="order_by != null">
            ORDER BY proj.reg_date DESC
        </if>
        <if test="limit != null and limit > 0">
            LIMIT ${limit}
        </if>
    </select>

    <select id="getDetail">
        SELECT 
            proj.writer_seq,
            mem.full_name,
            org_dept.`name` AS dept,
            org_rank.`name` AS `rank`,
            proj.`name`,
            proj.`desc`,
            proj.add_info,
            proj.start_date,
            proj.end_date,
            proj.reg_date,
            proj.upd_date
        FROM
            tb_agcy_proj AS proj
        LEFT JOIN
            tb_member AS mem
        ON 
            proj.writer_seq = mem.seq
        LEFT JOIN 
            tb_org_structure AS org_rank
        ON
            mem.rank_no = org_rank.id
        LEFT JOIN
            tb_org_structure AS org_dept
        ON
            mem.dept_no = org_dept.id
        <where>
            <choose>
                <when test="ref_proj_id != null">
                    AND proj.id = #{ref_proj_id}
                </when>
                <when test="delete_yn != null">
                    AND proj.delete_yn = #{delete_yn}
                </when>
            </choose>
        </where>
    </select>
</mapper>