<?xml version="1.0" encoding="UTF-8"?>
<!DOCTYPE mapper PUBLIC "-//mybatis.org//DTD Mapper 3.0//EN" "http://mybatis.org/dtd/mybatis-3-mapper.dtd">
<mapper namespace="Member">
    <select id="getCompareId">
        SELECT
            mem.seq, 
            auth.type_short_name AS ref_auth_type,
            auth.allow_action AS ref_allow_action,
            mem.ref_auth_id, 
            mem.id, 
            mem.password, 
            mem.first_name, 
            mem.last_name, 
            mem.nickname, 
            mem.phone, 
            mem.dept_no, 
            mem.rank_no, 
            mem.followed, 
            mem.avatar_name, 
            mem.avatar_path
        FROM
            tb_member AS mem
        LEFT JOIN 
            tb_auth AS auth
        ON
            mem.ref_auth_id = auth.id
        <where>
            <if test="id != null">
                AND mem.id = #{id}
            </if>
            <if test="delete_yn != null">
                AND mem.delete_yn = #{delete_yn}
            </if>
        </where>
    </select>

    <select id="devLogin">
        SELECT
            mem.seq, 
            mem.ref_auth_id, 
            auth.type_short_name AS ref_auth_type,
            auth.allow_action AS ref_allow_action,
            mem.id, 
            mem.password, 
            mem.first_name, 
            mem.last_name, 
            mem.nickname, 
            mem.phone, 
            mem.dept_no, 
            mem.rank_no, 
            mem.followed, 
            mem.avatar_name, 
            mem.avatar_path
        FROM
            tb_member AS mem
        LEFT JOIN 
            tb_auth AS auth
        ON 
            mem.ref_auth_id = auth.id
        WHERE 
            mem.id = #{id}
        AND 
            mem.delete_yn = #{delete_yn}
    </select>
</mapper>
